feature,pc0,pc1,pc2
danceability,-0.29317211475250626,-0.6540261120631302,0.12876587819300148
energy,-0.5682575218867504,0.18795689709201946,-0.17997248086958048
loudness,-0.4691116274095935,0.33665179023712505,0.10687705960441685
speechiness,-0.1894359213714646,-0.16547295184824615,0.802020410846908
acousticness,0.4926568880866602,-0.07650268893721034,-0.04585963952832034
valence,-0.28169832676108547,-0.45549897125810623,-0.5368556392568896
tempo,-0.11452971664469333,0.4276381059728849,-0.07779926425431073
