feature,pc0,pc1,pc2
danceability,-0.2922330075805947,-0.6374116734771273,0.1923394266546754
energy,-0.5674827765851173,0.16709431022655843,-0.18780142790039311
loudness,-0.4708657357598744,0.3500341878406268,0.1125821936643842
speechiness,-0.1905182543150048,-0.12374073798547362,0.620845485126752
acousticness,0.492119828988452,-0.06780930699636341,0.005802167094793003
instrumentalness,0.032346171957366304,-0.17773544324564364,-0.5659131015077031
valence,-0.2797327588248216,-0.48137010562875154,-0.3892660125273446
tempo,-0.11433636313988814,0.40005621931982843,-0.2404016842498472
